<?xml version="1.0" encoding="UTF-8"?>
<export version="D">
  <design>
    <source>/home/nallin/Documents/01-Projetos/ReceiverRS485/ReceiverRS485/ReceiverRS485.sch</source>
    <date>qua 20 jan 2021 12:18:30 -03</date>
    <tool>Eeschema 5.1.7-a382d34a8~88~ubuntu18.04.1</tool>
    <sheet number="1" name="/" tstamps="/">
      <title_block>
        <title>Line Receiver - Heidenhain Encoder Sniffer</title>
        <company>CNPEM</company>
        <rev>v1.0</rev>
        <date>20/jan/2021</date>
        <source>ReceiverRS485.sch</source>
        <comment number="1" value="Patrícia Nallin"/>
        <comment number="2" value=""/>
        <comment number="3" value=""/>
        <comment number="4" value=""/>
      </title_block>
    </sheet>
  </design>
  <components>
    <comp ref="U3">
      <value>TLP2372</value>
      <footprint>Package_SO:MFSOP6-5_4.4x3.6mm_P1.27mm</footprint>
      <datasheet>https://www.mouser.com/datasheet/2/408/TLP2372_datasheet_en_20200331-1854166.pdf</datasheet>
      <libsource lib="Controle" part="TLP2372" description="20-Mbps low-power non inverting photocouple,"/>
      <sheetpath names="/" tstamps="/"/>
      <tstamp>6007C397</tstamp>
    </comp>
    <comp ref="U5">
      <value>TLP2372</value>
      <footprint>Package_SO:MFSOP6-5_4.4x3.6mm_P1.27mm</footprint>
      <datasheet>https://www.mouser.com/datasheet/2/408/TLP2372_datasheet_en_20200331-1854166.pdf</datasheet>
      <libsource lib="Controle" part="TLP2372" description="20-Mbps low-power non inverting photocouple,"/>
      <sheetpath names="/" tstamps="/"/>
      <tstamp>6007EF41</tstamp>
    </comp>
    <comp ref="U2">
      <value>MAX3283E</value>
      <footprint>Package_TO_SOT_SMD:SOT-23-6</footprint>
      <datasheet>https://datasheets.maximintegrated.com/en/ds/MAX3280E-MAX3284E.pdf</datasheet>
      <libsource lib="Controle" part="MAX3283E" description="±15kV ESD-Protected 52Mbps, 3V to 5.5V RS-485/RS-422 True Fail-Safe Receivers, SOT23"/>
      <sheetpath names="/" tstamps="/"/>
      <tstamp>6008C1B3</tstamp>
    </comp>
    <comp ref="U4">
      <value>MAX3283E</value>
      <footprint>Package_TO_SOT_SMD:SOT-23-6</footprint>
      <datasheet>https://datasheets.maximintegrated.com/en/ds/MAX3280E-MAX3284E.pdf</datasheet>
      <libsource lib="Controle" part="MAX3283E" description="±15kV ESD-Protected 52Mbps, 3V to 5.5V RS-485/RS-422 True Fail-Safe Receivers, SOT23"/>
      <sheetpath names="/" tstamps="/"/>
      <tstamp>60090D9B</tstamp>
    </comp>
    <comp ref="R1">
      <value>1k</value>
      <footprint>Resistor_SMD:R_0805_2012Metric</footprint>
      <datasheet>~</datasheet>
      <libsource lib="Device" part="R_Small" description="Resistor, small symbol"/>
      <sheetpath names="/" tstamps="/"/>
      <tstamp>600A5BD4</tstamp>
    </comp>
    <comp ref="R3">
      <value>1k</value>
      <footprint>Resistor_SMD:R_0805_2012Metric</footprint>
      <datasheet>~</datasheet>
      <libsource lib="Device" part="R_Small" description="Resistor, small symbol"/>
      <sheetpath names="/" tstamps="/"/>
      <tstamp>600A66E3</tstamp>
    </comp>
    <comp ref="U1">
      <value>RFM-0505S</value>
      <footprint>Package_SIP:SIP4_Sharp-SSR_P7.62mm_Straight</footprint>
      <datasheet>https://www.artesyn.com/power/assets/ata_series_ds_01apr2015_79c25814fd.pdf</datasheet>
      <libsource lib="Controle" part="RFM-0505S" description="Recom 1W Isolated DC/DC Converter Module, +5V Output Voltage, +5V Input Voltage"/>
      <sheetpath names="/" tstamps="/"/>
      <tstamp>600732A7</tstamp>
    </comp>
    <comp ref="J1">
      <value>DB9_Male</value>
      <footprint>Connector_Dsub:DSUB-9_Male_Horizontal_P2.77x2.84mm_EdgePinOffset4.94mm_Housed_MountingHolesOffset7.48mm</footprint>
      <datasheet> ~</datasheet>
      <libsource lib="Connector" part="DB9_Male_MountingHoles" description="9-pin male D-SUB connector, Mounting Hole"/>
      <sheetpath names="/" tstamps="/"/>
      <tstamp>600CED45</tstamp>
    </comp>
    <comp ref="F1">
      <value>Protc</value>
      <footprint>Fuse:Fuse_1206_3216Metric</footprint>
      <datasheet>~</datasheet>
      <libsource lib="Device" part="Fuse_Small" description="Fuse, small symbol"/>
      <sheetpath names="/" tstamps="/"/>
      <tstamp>60100520</tstamp>
    </comp>
    <comp ref="U6">
      <value>TLP2372</value>
      <footprint>Package_SO:MFSOP6-5_4.4x3.6mm_P1.27mm</footprint>
      <datasheet>https://www.mouser.com/datasheet/2/408/TLP2372_datasheet_en_20200331-1854166.pdf</datasheet>
      <libsource lib="Controle" part="TLP2372" description="20-Mbps low-power non inverting photocouple,"/>
      <sheetpath names="/" tstamps="/"/>
      <tstamp>60154342</tstamp>
    </comp>
    <comp ref="R5">
      <value>1k</value>
      <footprint>Resistor_SMD:R_0805_2012Metric</footprint>
      <datasheet>~</datasheet>
      <libsource lib="Device" part="R_Small" description="Resistor, small symbol"/>
      <sheetpath names="/" tstamps="/"/>
      <tstamp>601545D8</tstamp>
    </comp>
    <comp ref="J2">
      <value>Conn_01x06</value>
      <footprint>Connector_PinHeader_2.54mm:PinHeader_1x06_P2.54mm_Vertical</footprint>
      <datasheet>~</datasheet>
      <libsource lib="Connector_Generic" part="Conn_01x06" description="Generic connector, single row, 01x06, script generated (kicad-library-utils/schlib/autogen/connector/)"/>
      <sheetpath names="/" tstamps="/"/>
      <tstamp>60161E2B</tstamp>
    </comp>
    <comp ref="R2">
      <value>120</value>
      <footprint>Resistor_SMD:R_0805_2012Metric</footprint>
      <datasheet>~</datasheet>
      <libsource lib="Device" part="R_Small" description="Resistor, small symbol"/>
      <sheetpath names="/" tstamps="/"/>
      <tstamp>60171651</tstamp>
    </comp>
    <comp ref="R4">
      <value>120</value>
      <footprint>Resistor_SMD:R_0805_2012Metric</footprint>
      <datasheet>~</datasheet>
      <libsource lib="Device" part="R_Small" description="Resistor, small symbol"/>
      <sheetpath names="/" tstamps="/"/>
      <tstamp>60172145</tstamp>
    </comp>
    <comp ref="C1">
      <value>10u</value>
      <footprint>Capacitor_SMD:C_1210_3225Metric</footprint>
      <datasheet>~</datasheet>
      <libsource lib="Device" part="C_Small" description="Unpolarized capacitor, small symbol"/>
      <sheetpath names="/" tstamps="/"/>
      <tstamp>601A5137</tstamp>
    </comp>
    <comp ref="C2">
      <value>10u</value>
      <footprint>Capacitor_SMD:C_1210_3225Metric</footprint>
      <datasheet>~</datasheet>
      <libsource lib="Device" part="C_Small" description="Unpolarized capacitor, small symbol"/>
      <sheetpath names="/" tstamps="/"/>
      <tstamp>601A6F9B</tstamp>
    </comp>
  </components>
  <libparts>
    <libpart lib="Connector" part="DB9_Male_MountingHoles">
      <description>9-pin male D-SUB connector, Mounting Hole</description>
      <docs> ~</docs>
      <footprints>
        <fp>DSUB*Male*</fp>
      </footprints>
      <fields>
        <field name="Reference">J</field>
        <field name="Value">DB9_Male_MountingHoles</field>
      </fields>
      <pins>
        <pin num="0" name="PAD" type="passive"/>
        <pin num="1" name="1" type="passive"/>
        <pin num="2" name="2" type="passive"/>
        <pin num="3" name="3" type="passive"/>
        <pin num="4" name="4" type="passive"/>
        <pin num="5" name="5" type="passive"/>
        <pin num="6" name="6" type="passive"/>
        <pin num="7" name="7" type="passive"/>
        <pin num="8" name="8" type="passive"/>
        <pin num="9" name="9" type="passive"/>
      </pins>
    </libpart>
    <libpart lib="Connector_Generic" part="Conn_01x06">
      <description>Generic connector, single row, 01x06, script generated (kicad-library-utils/schlib/autogen/connector/)</description>
      <docs>~</docs>
      <footprints>
        <fp>Connector*:*_1x??_*</fp>
      </footprints>
      <fields>
        <field name="Reference">J</field>
        <field name="Value">Conn_01x06</field>
      </fields>
      <pins>
        <pin num="1" name="Pin_1" type="passive"/>
        <pin num="2" name="Pin_2" type="passive"/>
        <pin num="3" name="Pin_3" type="passive"/>
        <pin num="4" name="Pin_4" type="passive"/>
        <pin num="5" name="Pin_5" type="passive"/>
        <pin num="6" name="Pin_6" type="passive"/>
      </pins>
    </libpart>
    <libpart lib="Controle" part="MAX3283E">
      <description>±15kV ESD-Protected 52Mbps, 3V to 5.5V RS-485/RS-422 True Fail-Safe Receivers, SOT23</description>
      <docs>https://datasheets.maximintegrated.com/en/ds/MAX3280E-MAX3284E.pdf</docs>
      <footprints>
        <fp>SOT?23*</fp>
      </footprints>
      <fields>
        <field name="Reference">U</field>
        <field name="Value">MAX3283E</field>
        <field name="Footprint">Package_TO_SOT_SMD:SOT-23-6</field>
      </fields>
      <pins>
        <pin num="1" name="VCC" type="power_in"/>
        <pin num="2" name="GND" type="power_in"/>
        <pin num="3" name="RO" type="output"/>
        <pin num="4" name="B" type="input"/>
        <pin num="5" name="~EN" type="input"/>
        <pin num="6" name="A" type="input"/>
      </pins>
    </libpart>
    <libpart lib="Controle" part="RFM-0505S">
      <aliases>
        <alias>ATA00BB18S-L</alias>
        <alias>ATA00CC18S-L</alias>
        <alias>ATA00AA36S-L</alias>
        <alias>ATA00BB36S-L</alias>
        <alias>ATA00CC36S-L</alias>
      </aliases>
      <description>Recom 1W Isolated DC/DC Converter Module, +5V Output Voltage, +5V Input Voltage</description>
      <docs>https://www.artesyn.com/power/assets/ata_series_ds_01apr2015_79c25814fd.pdf</docs>
      <footprints>
        <fp>*Artesyn*ATA*SMD*</fp>
      </footprints>
      <fields>
        <field name="Reference">U</field>
        <field name="Value">RFM-0505S</field>
      </fields>
      <pins>
        <pin num="1" name="-VIN" type="power_in"/>
        <pin num="2" name="+VIN" type="power_in"/>
        <pin num="3" name="-VOUT" type="power_out"/>
        <pin num="4" name="+VOUT" type="power_out"/>
      </pins>
    </libpart>
    <libpart lib="Controle" part="TLP2372">
      <description>20-Mbps low-power non inverting photocouple,</description>
      <docs>https://www.mouser.com/datasheet/2/408/TLP2372_datasheet_en_20200331-1854166.pdf</docs>
      <footprints>
        <fp>SO*6L*10x3.84mm*P1.27mm*</fp>
      </footprints>
      <fields>
        <field name="Reference">U</field>
        <field name="Value">TLP2372</field>
      </fields>
      <pins>
        <pin num="1" name="A" type="passive"/>
        <pin num="2" name="NC" type="NotConnected"/>
        <pin num="3" name="K" type="passive"/>
        <pin num="4" name="GND" type="power_in"/>
        <pin num="5" name="VO" type="output"/>
        <pin num="6" name="VDD" type="power_in"/>
      </pins>
    </libpart>
    <libpart lib="Device" part="C_Small">
      <description>Unpolarized capacitor, small symbol</description>
      <docs>~</docs>
      <footprints>
        <fp>C_*</fp>
      </footprints>
      <fields>
        <field name="Reference">C</field>
        <field name="Value">C_Small</field>
      </fields>
      <pins>
        <pin num="1" name="~" type="passive"/>
        <pin num="2" name="~" type="passive"/>
      </pins>
    </libpart>
    <libpart lib="Device" part="Fuse_Small">
      <description>Fuse, small symbol</description>
      <docs>~</docs>
      <footprints>
        <fp>SM*</fp>
      </footprints>
      <fields>
        <field name="Reference">F</field>
        <field name="Value">Fuse_Small</field>
      </fields>
      <pins>
        <pin num="1" name="~" type="passive"/>
        <pin num="2" name="~" type="passive"/>
      </pins>
    </libpart>
    <libpart lib="Device" part="R_Small">
      <description>Resistor, small symbol</description>
      <docs>~</docs>
      <footprints>
        <fp>R_*</fp>
      </footprints>
      <fields>
        <field name="Reference">R</field>
        <field name="Value">R_Small</field>
      </fields>
      <pins>
        <pin num="1" name="~" type="passive"/>
        <pin num="2" name="~" type="passive"/>
      </pins>
    </libpart>
  </libparts>
  <libraries>
    <library logical="Connector">
      <uri>/usr/share/kicad/library/Connector.lib</uri>
    </library>
    <library logical="Connector_Generic">
      <uri>/usr/share/kicad/library/Connector_Generic.lib</uri>
    </library>
    <library logical="Controle">
      <uri>/run/user/1001/gvfs/smb-share:server=centaurus,share=lnls/Grupos/CONT/Kicad/Library/Controle/Controle.lib</uri>
    </library>
    <library logical="Device">
      <uri>/usr/share/kicad/library/Device.lib</uri>
    </library>
  </libraries>
  <nets>
    <net code="1" name="Net-(U6-Pad2)">
      <node ref="U6" pin="2"/>
    </net>
    <net code="2" name="GNDREF">
      <node ref="U2" pin="5"/>
      <node ref="U2" pin="2"/>
      <node ref="C2" pin="2"/>
      <node ref="U4" pin="2"/>
      <node ref="U4" pin="5"/>
      <node ref="U1" pin="3"/>
      <node ref="U5" pin="3"/>
      <node ref="U3" pin="3"/>
      <node ref="J1" pin="0"/>
      <node ref="J1" pin="3"/>
    </net>
    <net code="3" name="Net-(F1-Pad1)">
      <node ref="F1" pin="1"/>
      <node ref="U1" pin="4"/>
    </net>
    <net code="4" name="Net-(J1-Pad6)">
      <node ref="J1" pin="6"/>
    </net>
    <net code="5" name="Net-(R5-Pad2)">
      <node ref="R5" pin="2"/>
      <node ref="U6" pin="1"/>
    </net>
    <net code="6" name="GND">
      <node ref="U6" pin="4"/>
      <node ref="U1" pin="1"/>
      <node ref="U5" pin="4"/>
      <node ref="J2" pin="6"/>
      <node ref="U3" pin="4"/>
      <node ref="C1" pin="2"/>
    </net>
    <net code="7" name="LINK_OK">
      <node ref="U6" pin="5"/>
      <node ref="J2" pin="5"/>
    </net>
    <net code="8" name="+3V3">
      <node ref="U6" pin="6"/>
      <node ref="U3" pin="6"/>
      <node ref="U5" pin="6"/>
      <node ref="J2" pin="2"/>
    </net>
    <net code="9" name="DATA-">
      <node ref="U4" pin="4"/>
      <node ref="J1" pin="5"/>
      <node ref="R4" pin="1"/>
    </net>
    <net code="10" name="CLK+">
      <node ref="J1" pin="1"/>
      <node ref="R2" pin="2"/>
      <node ref="U2" pin="6"/>
    </net>
    <net code="11" name="CLK-">
      <node ref="R2" pin="1"/>
      <node ref="U2" pin="4"/>
      <node ref="J1" pin="2"/>
    </net>
    <net code="12" name="DATA+">
      <node ref="R4" pin="2"/>
      <node ref="J1" pin="4"/>
      <node ref="U4" pin="6"/>
    </net>
    <net code="13" name="0V_SENSE">
      <node ref="J1" pin="7"/>
      <node ref="U6" pin="3"/>
    </net>
    <net code="14" name="5V_SENSE">
      <node ref="R5" pin="1"/>
      <node ref="J1" pin="8"/>
    </net>
    <net code="15" name="Net-(J1-Pad9)">
      <node ref="J1" pin="9"/>
    </net>
    <net code="16" name="+5V">
      <node ref="J2" pin="1"/>
      <node ref="U1" pin="2"/>
      <node ref="C1" pin="1"/>
    </net>
    <net code="17" name="Net-(R1-Pad1)">
      <node ref="R1" pin="1"/>
      <node ref="U2" pin="3"/>
    </net>
    <net code="18" name="Net-(R3-Pad1)">
      <node ref="R3" pin="1"/>
      <node ref="U4" pin="3"/>
    </net>
    <net code="19" name="+5VD">
      <node ref="U4" pin="1"/>
      <node ref="U2" pin="1"/>
      <node ref="F1" pin="2"/>
      <node ref="C2" pin="1"/>
    </net>
    <net code="20" name="Net-(U3-Pad2)">
      <node ref="U3" pin="2"/>
    </net>
    <net code="21" name="CLK">
      <node ref="J2" pin="3"/>
      <node ref="U3" pin="5"/>
    </net>
    <net code="22" name="Net-(U5-Pad2)">
      <node ref="U5" pin="2"/>
    </net>
    <net code="23" name="DATA">
      <node ref="J2" pin="4"/>
      <node ref="U5" pin="5"/>
    </net>
    <net code="24" name="Net-(R1-Pad2)">
      <node ref="R1" pin="2"/>
      <node ref="U3" pin="1"/>
    </net>
    <net code="25" name="Net-(R3-Pad2)">
      <node ref="U5" pin="1"/>
      <node ref="R3" pin="2"/>
    </net>
  </nets>
</export>
